,CFNAI,CPI,M2,ISM,bfly,divy,Spread
1998-01-01,0.489545,0.016311166875784044,0.057696830332645055,-0.06239737274220025,-0.120000000000001,1.7290280679999999,-0.03719500740278692
1998-02-01,0.41140299999999996,0.01440200375704448,0.06508536426430345,-0.04878048780487798,-0.07000000000000028,1.663177908,0.04795333792563339
1998-03-01,-0.004367,0.013767209011263937,0.06500181714345055,-0.04020979020979032,-0.3000000000000007,1.6123393360000002,0.0464617157334678
1998-04-01,0.379471,0.014383989993745905,0.0682258689753199,-0.031523642732049106,-0.4499999999999993,1.631600455,0.04293996214077478
1998-05-01,0.419407,0.016885553470919357,0.06911541528410114,-0.0567765567765568,-0.3299999999999992,1.6626134470000002,0.07363386237094649
1998-06-01,-0.6757489999999999,0.01622971285892638,0.07159732922444784,-0.08561020036429867,-0.1800000000000006,1.6620259240000002,0.05390289592160025
1998-07-01,-0.7146680000000001,0.0174563591022443,0.07195807770961138,-0.06329113924050633,-0.22000000000000064,1.8119851779999998,0.007413608831250973
1998-08-01,1.586036,0.016169154228855787,0.06740180581198296,-0.011650485436893177,0.1200000000000001,2.113960162,-0.1146387838311489
1998-09-01,-0.100069,0.014267990074441794,0.07609381706177887,-0.015936254980079778,0.5499999999999989,2.072708948,-0.14967381111375988
1998-10-01,0.396017,0.014860681114551078,0.08225401606425709,-0.07335907335907332,0.33000000000000096,2.032635603,-0.10220440806302311
1998-11-01,0.109703,0.014842300556586308,0.08247860048414069,-0.05108055009823187,0.2699999999999996,1.98406304,-0.049126240782498276
1998-12-01,0.310433,0.01606922126081578,0.08544500534652966,0.006072874493927127,0.4599999999999991,1.936133168,-0.011146736986461514
1999-01-01,0.160153,0.016666666666666607,0.08444301702201251,0.09166666666666656,0.39999999999999947,1.9479059020000002,0.06504095840013424
1999-02-01,0.676666,0.016666666666666607,0.08156722627379964,0.13871635610766053,-0.1800000000000006,2.158717274,0.05853916090492639
1999-03-01,-0.169954,0.01728395061728394,0.07746307219811799,0.12474849094567397,-0.20999999999999996,2.2299626420000003,0.08913373871160268
1999-04-01,0.071916,0.02281134401972884,0.07889198016209042,0.03053435114503822,-0.35000000000000053,1.9752009199999998,0.025911826504336544
1999-05-01,0.751747,0.02091020910209096,0.07725435473005504,0.05090909090909079,-0.5999999999999988,1.876187104,0.020135999782694092
1999-06-01,-0.17416700000000002,0.019656019656019597,0.07841257668711643,0.06261180679785339,-0.6799999999999988,1.776548886,-0.05344729681411098
1999-07-01,0.310128,0.021446078431372584,0.08086324072970075,0.011111111111111072,-0.8199999999999994,1.748217023,-0.08664548035082142
1999-08-01,0.4448,0.022643818849449104,0.07605914131361957,-0.00519031141868509,-0.6300000000000008,1.8332189140000001,-0.1546851630200453
1999-09-01,-0.292284,0.02629969418960254,0.0703141496375197,0.06902356902356899,-0.5900000000000007,1.9379086609999998,-0.2240844279575781
1999-10-01,1.218193,0.0256253813300793,0.0633856715448664,0.12271062271062272,-0.5499999999999998,1.9950848689999998,-0.19732694245800597
1999-11-01,0.535384,0.026203534430225606,0.06155477683511612,0.09739130434782606,-0.589999999999999,1.9617315100000003,-0.35287869179469655
1999-12-01,0.84035,0.02676399026763998,0.06272766844601252,-0.050393700787401574,-0.9000000000000004,1.9924894009999998,-0.08536896179157394
2000-01-01,0.433205,0.02792956891317555,0.06337851691536622,-0.014681892332789492,-1.1099999999999994,2.0296001699999997,-0.04233625720601508
2000-02-01,-0.33944,0.032179720704310855,0.0560923181355355,-0.06973058637083995,-0.7599999999999998,2.043307846,0.13792949074365124
2000-03-01,0.685508,0.03762135922330101,0.06601212559949321,-0.0679933665008291,-0.14000000000000057,2.020343531,-0.016759602611909008
2000-04-01,0.762737,0.03013863773357439,0.06906449008879711,-0.08278145695364236,-0.4900000000000011,1.903822415,0.028659236186317494
2000-05-01,-0.723065,0.031325301204819134,0.059810161920714755,-0.12265758091993195,-0.6799999999999997,1.993238321,-0.029233231880386734
2000-06-01,0.163203,0.03734939759036138,0.05806666666666671,-0.11032028469750899,-0.09000000000000075,1.9543468000000002,0.04459253993955503
2000-07-01,-0.36085700000000004,0.03599280143971195,0.05524423068437523,-0.06137184115523464,0.08000000000000007,1.830573401,-0.056707647982224274
2000-08-01,-0.6602359999999999,0.033512866546977715,0.05951909102919806,-0.029126213592232997,0.629999999999999,1.856289361,0.05515736944696126
2000-09-01,0.437618,0.0345649582836709,0.06199035510740902,-0.02200000000000002,0.5800000000000001,1.902318823,0.04661143645186161
2000-10-01,-0.719504,0.03450327186198687,0.059847328244274633,-0.0692307692307692,0.6700000000000008,1.933084028,0.07361749858400413
2000-11-01,-0.498741,0.03444180522565321,0.05681275246492623,-0.018000000000000016,0.8499999999999996,2.105840273,0.08509168639538078
2000-12-01,-0.430778,0.03436018957345954,0.06156897406600992,-0.13905930470347638,1.08,1.9669755789999996,0.07633160568058517
2001-01-01,-1.188085,0.037212049616065945,0.0652355549842536,-0.20661157024793386,0.1299999999999999,1.8062228539999998,0.021038950868401463
2001-02-01,-0.919739,0.03529411764705892,0.07145305737669805,-0.18737270875763756,0.40000000000000036,1.768836503,-0.04264659551986738
2001-03-01,-1.10352,0.029824561403508643,0.07658843003268134,-0.014251781472684133,-0.05999999999999961,1.838985869,-0.0694588222424879
2001-04-01,-1.476697,0.03218256290228205,0.07769108146656589,0.18489583333333348,-0.9199999999999995,1.744021472,0.015039810127702502
2001-05-01,-0.877353,0.035630841121495394,0.07999494236402316,0.12531328320802015,-1.3599999999999994,1.706921104,0.028583598565431245
2001-06-01,-1.533615,0.03193960511033689,0.0841996933610567,0.15180722891566267,-1.3599999999999999,1.633252481,0.08347595663615559
2001-07-01,-0.912839,0.027214823393167498,0.08601296257578928,0.08131868131868147,-1.0700000000000003,1.629810273,0.007196972101170207
2001-08-01,-0.958144,0.027214823393167498,0.08737036806118437,0.20935412026726063,-0.9299999999999997,1.6728935650000003,-0.020056487659447453
2001-09-01,-1.556957,0.025921658986175045,0.10532942536327616,0.07322175732217584,-1.399999999999999,1.8839707,-0.12510469448217565
2001-10-01,-1.068525,0.02127659574468077,0.09480594312055013,-0.20934959349593507,-1.54,1.859485643,0.0047553703910092615
2001-11-01,-1.322912,0.01894374282433997,0.10585261600427454,-0.09576427255985265,-2.2700000000000005,1.701798574,0.01599237906537443
2001-12-01,-0.563327,0.01603665521191311,0.10003452267327329,0.0019493177387914784,-2.6900000000000004,1.60656997,0.04995215513821494
2002-01-01,-0.316685,0.011958997722095743,0.09341941193033265,0.41902313624678666,-2.730000000000001,1.5498836180000002,0.07797440829177038
2002-02-01,-0.282132,0.011363636363636465,0.09338319102561532,0.23625254582484723,-2.3899999999999997,1.600385722,0.07925799462059135
2002-03-01,-0.129078,0.013628620102214661,0.07928091305119156,0.24124513618677046,-3.05,1.427116192,0.1514934518328379
2002-04-01,-0.047977,0.01643990929705219,0.06679641884001564,0.08514492753623171,-2.74,1.324328986,0.08251636923304395
2002-05-01,0.035961,0.012408347433727984,0.07652832250385377,0.01812191103789118,-2.6800000000000006,1.3781307849999997,0.04536151202994454
2002-06-01,0.393279,0.010692177827799743,0.07264344659253807,-0.04075235109717856,-2.4000000000000004,1.330722326,-0.002565384785506053
2002-07-01,-0.654233,0.01465614430665152,0.07427229323887263,-0.13355592654424042,-1.9299999999999995,1.594372826,-0.06891141838695547
2002-08-01,-0.194524,0.01747463359639223,0.07431050629766234,-0.18122977346278313,-1.5599999999999998,1.6280445239999999,-0.0677332327326099
2002-09-01,-0.43207799999999996,0.01516002245929271,0.05301488300872048,-0.1356209150326798,-0.9699999999999998,1.7899678540000004,-0.04119896490508701
2002-10-01,-0.6268600000000001,0.020270270270270174,0.06971673464784489,0.003853564547206201,-1.4100000000000001,1.8391698309999995,0.03446276808836013
2002-11-01,-0.026456999999999998,0.022535211267605604,0.06531878914017053,-0.013833992094861691,-2.0599999999999996,1.791824934,0.05214519701475406
2002-12-01,-0.988157,0.024802705749718212,0.06296959515590106,0.10964083175803419,-1.6300000000000001,1.8622143049999997,-0.012530997191636417
2003-01-01,0.424646,0.02757456387169399,0.06766972612062472,0.11708253358925136,-1.9100000000000004,1.9085558489999999,-0.009684746272881073
2003-02-01,-0.646687,0.03146067415730336,0.06461347135097584,0.04008016032064132,-1.5399999999999998,1.9937314899999998,-0.022391597792343898
2003-03-01,-0.495949,0.03025210084033625,0.06763099738827094,-0.19591141396933565,-1.7000000000000002,2.1212531329999997,0.008088556888246723
2003-04-01,-1.083618,0.02175125488008911,0.07124352331606221,-0.18900343642611683,-1.8800000000000001,1.928674672,0.016941769392450068
2003-05-01,-0.16020299999999998,0.018941504178273005,0.07768574069710521,0.028901734104046284,-1.2899999999999998,1.789754121,0.017180639805528752
2003-06-01,0.005457,0.01948775055679297,0.08125045149172871,0.1355932203389829,-1.6700000000000004,1.8352499139999998,-0.004545242516225345
2003-07-01,0.010764,0.020555555555555438,0.07933407404752524,0.20338983050847448,-2.6100000000000008,1.7652337120000001,-0.030885907936720525
2003-08-01,-0.312773,0.02216066481994461,0.07980928321087388,0.14419475655430714,-2.6100000000000003,1.653764874,-0.010600788076726042
2003-09-01,0.419362,0.02378318584070782,0.07311580067387835,0.13432835820895517,-2.0799999999999996,1.6700260040000001,0.07550345706855377
2003-10-01,0.191802,0.02041942604856528,0.06382006677209628,0.13380281690140872,-2.52,1.5449422169999998,0.0511423733290679
2003-11-01,0.688833,0.019283746556473913,0.054964415294445956,0.1309328968903436,-2.5699999999999994,1.419120005,0.034340255213187953
2003-12-01,-0.038451,0.020352035203520247,0.051545675581799344,0.17269736842105265,-2.5099999999999993,1.298061573,-0.02448189336951856
2004-01-01,0.153366,0.020262869660460092,0.04563621955001196,0.09627329192546563,-2.4200000000000004,1.29400202,-0.03215505709271205
2004-02-01,0.538058,0.01688453159041381,0.04899333470762035,-0.03762662807525319,-2.190000000000001,1.2360327460000002,-0.026755375944634507
2004-03-01,0.573774,0.017400761283306032,0.05161146845490627,-0.09396914446002813,-2.02,1.178308743,-0.010371720706674248
2004-04-01,0.29846300000000003,0.022925764192139875,0.05500962242621377,-0.04957507082152979,-2.790000000000001,1.27302733,0.026200711277969413
2004-05-01,0.8409610000000001,0.028977583378895444,0.05205442588761633,-0.03007518796992481,-2.8700000000000006,1.238337788,0.03096254641664642
2004-06-01,-0.41088199999999997,0.03167667941015839,0.04551452289088198,-0.05727554179566552,-2.6,1.0941197150000002,-0.0035166476731309793
2004-07-01,0.620831,0.02939575394665228,0.04222218532600586,-0.06408345752608047,-2.34,1.1571083889999998,-0.045161551329085725
2004-08-01,0.349033,0.025474254742547275,0.03875113271274411,-0.037209302325581395,-1.76,1.1722989139999997,-0.025299837173800244
2004-09-01,0.129438,0.025391680172879516,0.04782443441905038,-0.05254515599343179,-1.7099999999999997,1.136194353,-0.012870333626601171
2004-10-01,0.7677470000000001,0.03190914007571655,0.05169964652637837,-0.07006369426751591,-1.4399999999999995,1.1747295969999998,0.0006449775407861846
2004-11-01,-0.075158,0.03621621621621607,0.05704459399130268,-0.032206119162640934,-1.4900000000000002,1.076704468,-0.016755487993664442
2004-12-01,0.9630790000000001,0.033423180592991875,0.060084561009447146,0.14904679376083174,-1.4500000000000006,1.042649377,0.011407743401513737
2005-01-01,0.36901799999999996,0.028448738593666034,0.05776423099102068,-0.008561643835616417,-1.1599999999999997,1.063648499,0.0026380238536768408
2005-02-01,0.576604,0.030530262453133394,0.052043757369317545,-0.06988352745424298,-1.2100000000000004,1.049679162,-0.007989755612778038
2005-03-01,-0.39450999999999997,0.032068412613575736,0.046199144339791554,-0.12971342383107076,-1.3900000000000001,1.087594428,-0.018191316690772563
2005-04-01,0.793194,0.03361792956243326,0.040324793775324164,-0.07772020725388606,-0.9699999999999998,1.129755534,0.03638674948645648
2005-05-01,0.018298,0.02869287991498415,0.03309246706739999,-0.07334525939177106,-0.6699999999999995,1.093593807,0.05484605894535455
2005-06-01,0.45215500000000003,0.02541026998411855,0.03854878906000381,-0.03466204506065862,-0.5399999999999996,1.06766364,0.03725545122525342
2005-07-01,-0.052659000000000004,0.03067160232681121,0.04089402918498686,0.07116104868913875,-0.660000000000001,0.957014406,0.017229922471134862
2005-08-01,0.332106,0.03646934460887952,0.04136596507367529,0.11583011583011582,-0.2999999999999994,0.9793680150000001,-0.00219283960611083
2005-09-01,-0.875726,0.04741833508956805,0.04132035895090458,0.09335727109515246,-0.5899999999999994,0.982081929,0.011212273640135217
2005-10-01,0.9985290000000001,0.04350104821802936,0.04193366000753862,0.07342657342657333,-0.4100000000000006,1.047698998,0.03504707284876929
2005-11-01,0.9413520000000001,0.03338549817423053,0.0405449795867292,0.05882352941176472,-0.31000000000000094,1.0619294,0.046070802509573294
2005-12-01,0.436766,0.03338549817423053,0.04013336241547982,-0.013136288998357948,-0.17999999999999883,1.0198096110000001,0.036641400035118066
2006-01-01,0.716494,0.04018789144050117,0.047133222223952886,-0.04071661237785018,0.04999999999999982,1.000348105,0.0064380514740218775
2006-02-01,0.118343,0.0363825363825363,0.04967155443479343,-0.0032679738562092497,0.22850000000000126,1.049880606,-0.013988347659631861
2006-03-01,0.31393699999999997,0.03417918177110302,0.05053410663473956,-0.05158069883527461,-0.025399999999998535,1.0271489440000001,0.012256611906018788
2006-04-01,-0.061549,0.03613835828600931,0.05528745441849647,-0.05432937181663833,-0.05799999999999983,1.110067483,0.023904749376247647
2006-05-01,-0.143899,0.03977272727272729,0.052551762557643045,-0.09999999999999998,0.020999999999999908,1.222003554,0.058673590880486404
2006-06-01,0.034955,0.041817243159525175,0.0536079619744958,-0.03508771929824561,0.011099999999999,1.2303005919999999,0.03758996798461278
2006-07-01,-0.432288,0.041046690610569536,0.05295459067325803,0.0017953321364452268,0.2878999999999996,1.335507647,0.03497588564166998
2006-08-01,0.273469,0.03926568077511483,0.05323280785926432,0.007285974499089187,0.5320000000000009,1.348095666,4.1492364726058995e-05
2006-09-01,-0.087402,0.02012072434607637,0.050373332121707914,-0.0036363636363636598,0.4617999999999993,1.377690966,0.018764530738274443
2006-10-01,-0.409125,0.014063284781516971,0.05310361460311719,-0.03046594982078843,0.6857999999999995,1.3188425490000002,0.03079738829881218
2006-11-01,-0.245394,0.01968702675416467,0.0543587739210174,-0.08137432188065097,0.7657999999999996,1.293942062,0.03676214097520525
2006-12-01,1.025523,0.025239777889954462,0.05974955813187144,-0.062043795620437936,0.5445999999999991,1.4446270110000001,-0.011911130818698323
2007-01-01,-0.770877,0.020757651781234232,0.05587040921058506,-0.03512014787430684,0.5121000000000002,1.433118024,-0.026361117401598966
2007-02-01,0.269283,0.02420260782347028,0.05414263046282963,0.08464566929133865,0.7739000000000011,1.426454666,-0.03973534266888756
2007-03-01,0.36774,0.02798197295943905,0.06161656527981285,-0.023346303501945442,0.6674999999999995,1.4880501590000001,-0.03391390733823885
2007-04-01,-0.18799100000000002,0.025929247633283747,0.06387483825432305,0.09961685823754785,0.5300000000000002,1.483535061,-0.06636127842610784
2007-05-01,-0.039945999999999995,0.02709885742672613,0.06376253344702865,0.06352087114337568,0.035499999999999865,1.472391181,-0.08729219886846995
2007-06-01,-0.152489,0.02692765113974227,0.061669635296522474,0.1494023904382471,-0.04180000000000117,1.560601324,-0.11577117806352433
2007-07-01,-0.590761,0.023178905864958077,0.060931118184857525,0.020905923344947785,0.46330000000000027,1.7368669939999999,-0.13086755091019164
2007-08-01,-0.284091,0.01897448478900876,0.07245119305856829,-0.07167235494880553,-0.0812999999999997,1.8126707099999997,-0.10503640224556088
2007-09-01,-0.068607,0.028338264299802685,0.06487102216198282,-0.05719237435008673,-0.47869999999999946,1.922779512,-0.04780577386241813
2007-10-01,-0.6273850000000001,0.03610698365527476,0.058083446647105186,-0.03754266211604096,-0.23939999999999984,1.9656181960000003,0.07189019975675504
2007-11-01,-0.102976,0.04373267326732666,0.06249197998203515,-0.03676470588235292,-0.2872999999999992,2.193291338,0.05288719879030246
2007-12-01,-0.644257,0.04108813392417532,0.05441619199728631,-0.14522058823529405,-0.49640000000000084,2.176219783,0.06995356610061954
2008-01-01,-0.530877,0.04294695655165981,0.05523857825113043,-0.14893617021276595,-0.8967000000000005,2.0436376870000004,-0.07786896220061068
2008-02-01,-1.16178,0.04142959270611968,0.06859490180631367,-0.1145038167938931,-0.8070000000000004,2.328038727,-0.06008854171048017
2008-03-01,-1.2333379999999998,0.03974903550134434,0.06774391434068527,-0.019354838709677358,-1.1525999999999998,2.265731602,-0.12022100627088816
2008-04-01,-1.216051,0.039037609759887903,0.06505694383016358,-0.03125,-1.5856000000000001,2.3142682359999998,-0.04242297639069037
2008-05-01,-1.397437,0.04088413823123993,0.06620136825374878,0.04525862068965525,-1.506199999999999,2.3043805419999996,-0.01887933598420599
2008-06-01,-1.195798,0.04935966105947864,0.06131906818119304,0.0899122807017545,-1.4754000000000005,2.6383318000000004,0.07294999237115007
2008-07-01,-1.9133529999999999,0.054975120783418374,0.06522721979422119,0.010752688172043001,-1.5985000000000003,2.467179626,0.01997735427346292
2008-08-01,-2.061073,0.053080171620912386,0.04879989212513469,-0.03711340206185565,-1.4525000000000006,2.32635524,-0.043636832633160205
2008-09-01,-3.706443,0.04953319875136075,0.07357959161566385,-0.15895372233400418,-2.3136,2.340918075,-0.10433796979516274
2008-10-01,-1.958584,0.03731057889956513,0.07731017410007701,-0.2936170212765957,-2.8230999999999997,3.017290676,-0.17047418037189832
2008-11-01,-3.667032,0.010999174706166848,0.0758454106280193,-0.4089935760171306,-2.0894,3.669518289,-0.16504232764348015
2008-12-01,-4.3722389999999995,-0.0002222800255385904,0.09932842723287894,-0.4449760765550239,-0.9796000000000002,3.6311412999999995,-0.09787803452736765
2009-01-01,-4.686397,-0.0011358601902212717,0.10586884545551634,-0.04216867469879526,-1.6016000000000004,4.574214167,0.2527105937165557
2009-02-01,-2.410095,8.463140671510772e-05,0.09149552395997884,0.188405797101449,-1.8112000000000004,5.490919395,0.48504678210667285
2009-03-01,-3.752982,-0.004464787676623727,0.09319057256642949,0.7370689655172413,-1.5134999999999998,4.3367845339999995,0.45972633084713843
2009-04-01,-2.6848970000000003,-0.005763244243767063,0.0851944613867297,0.46226415094339623,-2.0020000000000002,2.696953285,0.2157157297019099
2009-05-01,-2.077142,-0.010157614958551608,0.09248817162486223,0.49390243902439046,-2.4388,2.2390134660000003,0.24894776255191098
2009-06-01,-1.6674950000000002,-0.012291746182109153,0.09232025085193785,0.2828784119106702,-2.5676000000000005,1.926763066,0.178423259668389
2009-07-01,-0.095326,-0.01958761003762277,0.08685307130363218,0.2387096774193549,-2.4791999999999996,1.496233122,-0.0576491840629364
2009-08-01,-0.316344,-0.014838355663267633,0.08223299348153112,0.3591836734693876,-2.5163,1.224519307,-0.07648585370375649
2009-09-01,-0.49692,-0.01377942862886472,0.06369346416769672,0.22437137330754342,-2.4692000000000007,1.050839748,-0.13735489777029608
2009-10-01,-0.675262,-0.0022396829420032738,0.06366307541625837,0.03993055555555558,-2.5262,1.246099734,0.013029587570617673
2009-11-01,-0.057959000000000004,0.019145871744709275,0.05921019807414063,-0.09009009009008995,-2.2746,1.1269987020000003,0.04586135842455241
2009-12-01,-0.706743,0.028141231232083674,0.03431247027837725,-0.004739336492890933,-3.0336000000000003,0.9468030680000001,0.1182629609282071
2010-01-01,0.212195,0.026211113889767157,0.020631624695173434,0.05008347245409017,-2.7556000000000003,0.812012051,0.10552355943858882
2010-02-01,-0.6281329999999999,0.021513363578665068,0.026100591002291562,-0.05775577557755773,-2.6619999999999995,0.6900755390000002,-0.017103728106255822
2010-03-01,0.564483,0.022861714393279664,0.014082320059243703,-0.025396825396825418,-2.9659999999999997,0.5081407440000001,-0.09279299626092896
2010-04-01,0.599929,0.022067707525304403,0.020867215153544505,-0.007949125596184436,-2.7935999999999996,0.379444678,-0.10070922644432312
2010-05-01,0.454045,0.020035489292185682,0.01716896060749895,0.1050788091068302,-2.383,0.500577512,-0.08503035083762422
2010-06-01,-0.292898,0.011215605940686268,0.020865459894189975,-0.0228013029315961,-1.9837999999999993,0.538263901,-0.03591157418161739
2010-07-01,0.174253,0.013407784804821077,0.020495828649192527,-0.08653846153846156,-1.9293999999999998,0.44869853099999996,-0.05768063160373216
2010-08-01,-0.294165,0.011501775395112546,0.028381348381348426,-0.0982567353407291,-1.5868000000000002,0.559726402,-0.028788183191623018
2010-09-01,-0.35923299999999997,0.011183122472331775,0.029560330108138855,-0.10833333333333328,-1.4865999999999997,0.4477052110000001,0.04429832867139605
2010-10-01,-0.169155,0.011666951489314403,0.0319214241866177,0.04385964912280693,-1.4666000000000001,0.39350037199999993,0.019651167109030476
2010-11-01,-0.43731899999999996,0.01084544776600338,0.03168902130265305,0.017574692442882345,-1.6209,0.37196783400000005,0.031057154453524527
2010-12-01,0.190863,0.01437793022217937,0.038679634541703534,0.11775700934579425,-2.3234,0.3081416930000001,-0.0441330675678544
2011-01-01,-0.000709,0.017007834915029774,0.043362549235300474,0.050420168067226934,-2.2630999999999997,0.3379912100000001,-0.06521249250576133
2011-02-01,-0.427429,0.021248981733331673,0.04358558431483184,0.069084628670121,-2.4402999999999997,0.326612123,-0.06520383984872291
2011-03-01,0.5281020000000001,0.02619241510354131,0.05065900283860025,0.03511705685618738,-2.5178999999999996,0.362643565,-0.050224163756967255
2011-04-01,-0.5971069999999999,0.030772344447868694,0.054727125771650176,-0.033600000000000074,-2.3896,0.392162231,0.00827294234075071
2011-05-01,-0.43428599999999995,0.034589718808965,0.05321543970977616,-0.15347334410339253,-2.1540999999999997,0.40740911599999996,-0.01837207199495039
2011-06-01,-0.120407,0.03502318150636041,0.05785431263870966,-0.10016155088852985,-2.2135999999999996,0.435050272,-0.043092911541610546
2011-07-01,0.278041,0.035798809769996165,0.07928151489499857,-0.09105960264900659,-1.7286999999999997,0.454597171,-0.0658541109451678
2011-08-01,-0.116638,0.0375499603070808,0.10171664895337562,-0.005725190839694583,-1.2424999999999997,0.5422030540000001,-0.03451622016415845
2011-09-01,-0.30783699999999997,0.03812621692818685,0.10024300636883976,-0.07360861759425497,-1.1437,0.6310779289999999,0.020375401140687366
2011-10-01,0.214725,0.035222681306640524,0.09364846931771353,-0.04553734061930781,-1.3160999999999998,0.56868993,0.05832386783523069
2011-11-01,-0.5271399999999999,0.03451432214581729,0.09663280447437517,0.05950095969289837,-1.3703999999999998,0.600774826,0.05255587746954005
2011-12-01,0.435992,0.03062066838419386,0.0940571584228087,0.07364341085271309,-1.1729,0.61490445,0.03472718278576048
2012-01-01,0.611988,0.030087663379855023,0.10291466857123432,0.05343511450381677,-0.9464000000000002,0.5292492020000001,-0.0390532219645503
2012-02-01,0.023107,0.028981784423473878,0.1013155819873397,0.0,-1.1294,0.4601136999999999,-0.0689478252314576
2012-03-01,-0.488854,0.0258287528133212,0.10157843994529259,0.0018050541516245744,-1.3502000000000003,0.491222068,-0.05986960209118153
2012-04-01,0.030973,0.022731633741348567,0.09542319609955463,0.01086956521739113,-0.9963000000000003,0.481891491,-0.03403210271852741
2012-05-01,-0.331662,0.01737942937466097,0.09706608778477999,0.034420289855072506,-0.783,0.5245626699999999,0.04514356615804482
2012-06-01,-0.507033,0.016538704482976563,0.09628734622144108,-0.07567567567567568,-0.8305000000000001,0.502391452,0.06524741308007775
2012-07-01,-0.357948,0.014175114798464783,0.07948514085566338,-0.09856630824372759,-0.6170000000000004,0.483076156,0.06037250378590597
2012-08-01,-0.6579699999999999,0.016859349154821235,0.0625989577325965,-0.13134851138353765,-0.7138000000000001,0.41658404800000004,0.07227353089110855
2012-09-01,-0.115513,0.019497168982819613,0.06736939068175407,0.042884990253411415,-0.7469000000000001,0.38275445100000005,0.04514109365905461
2012-10-01,-0.318348,0.021556780595369363,0.07150777212912418,0.02982107355864816,-0.8134000000000001,0.36188735800000005,0.052961241961954286
2012-11-01,0.275415,0.017960197033926262,0.07429534951496719,0.03629032258064502,-0.7823000000000001,0.288246545,0.002909065689468582
2012-12-01,0.26449,0.017595049796895523,0.086282198914859,-0.06355140186915886,-0.9672999999999999,0.2647793500000001,-0.002204087825572021
2013-01-01,-0.405551,0.01684061762098299,0.07455261237369837,-0.019305019305019266,-1.1158999999999997,0.252797909,0.004412894734466377
2013-02-01,0.371712,0.020181404902574807,0.06923918712989763,0.08365758754863828,-0.9430000000000001,0.25476766000000006,0.02966595265472738
2013-03-01,-0.399019,0.015187472411246183,0.07350681334785225,0.031936127744510934,-0.9320000000000002,0.27962866899999994,0.030937005590852884
2013-04-01,-0.48776499999999995,0.01138808047576867,0.071720418115641,-0.021653543307086465,-0.8107999999999994,0.294610544,0.020228596487109618
2013-05-01,0.089509,0.013903888279197085,0.07239558620132658,-0.10951526032315984,-1.278499999999999,0.219714521,-0.04129473776954984
2013-06-01,-0.166793,0.017157935271568725,0.06750095184658234,0.07736943907156668,-1.716,0.237598105,-0.027037764896356453
2013-07-01,-0.813267,0.01885471805415806,0.06864599092284407,0.18913480885311862,-1.784000000000001,0.23906555200000001,-0.01873449849557951
2013-08-01,0.517342,0.01538809488600279,0.06528582283227591,0.282258064516129,-2.0926999999999993,0.24241124700000005,0.017492896173372907
2013-09-01,0.15924100000000002,0.010947341081747997,0.06319567711755525,0.10053859964093337,-1.7993000000000003,0.2341712549999999,0.00969801829550887
2013-10-01,-0.075495,0.00876799143491147,0.07282738153347523,0.0372250423011844,-1.7454000000000005,0.23920862099999995,0.013120665172416057
2013-11-01,0.45705200000000007,0.012328701961954236,0.06255934272482433,-0.0031446540880503138,-1.8928,0.18998183400000002,0.013765565769061405
2013-12-01,-0.164108,0.015128383667573742,0.05337599083182121,0.05057096247960868,-2.1684999999999994,0.20892141600000003,0.026262939604507984
2014-01-01,-0.9338700000000001,0.015577587955748928,0.062291945666730575,-0.16476345840130502,-1.9267999999999998,0.2276706089999999,0.028173742903757848
2014-02-01,0.615858,0.011204746347724948,0.06772073804126366,-0.14037854889589907,-1.9381,0.259785653,0.023294570098599143
2014-03-01,0.6060300000000001,0.016126949139408042,0.06274766319701186,-0.14440993788819878,-2.0904,0.23492057200000005,-0.020042081696055813
2014-04-01,0.112166,0.02015125303606169,0.06300434219115103,0.076171875,-2.0465000000000004,0.2380401780000001,-0.013133186939540242
2014-05-01,0.11657000000000001,0.02166947687079812,0.06700933875583681,0.044036697247706424,-1.8680999999999999,0.294621005,-0.013765089670184638
2014-06-01,0.25,0.020589816945944195,0.06733431572229076,0.06896551724137923,-1.9467999999999999,0.27960328999999995,-0.010318896133790112
2014-07-01,0.329315,0.019742378703305974,0.06557758757183185,0.15063520871143377,-2.0170000000000003,0.29495194599999996,-0.01997714247387017
2014-08-01,-0.22201700000000002,0.017150983482969062,0.061961002269464105,0.17223198594024614,-1.8108,0.327289688,0.007684083891679627
2014-09-01,0.08176900000000001,0.016840509711232077,0.06044478060749192,0.018675721561969505,-1.9805999999999997,0.36906499700000006,0.019178179017745656
2014-10-01,0.161269,0.016095417021513292,0.05479826014159106,-0.006309148264984188,-1.7913,0.34731401800000006,-0.05934873032426591
2014-11-01,0.413296,0.01231524989320798,0.057335120496758485,-0.06896551724137934,-1.6957,0.3680792319999999,-0.07439072947910574
2014-12-01,-0.01314,0.006531213919622969,0.059166447565254465,-0.036666666666666736,-1.8833999999999997,0.3232809360000001,-0.08725464180048426
2015-01-01,-0.311408,-0.0024225629866376774,0.05898137809314563,-0.1603174603174603,-1.2367999999999997,0.3848748879999999,0.03127964813796558
2015-02-01,-0.6088399999999999,-0.0013203309742854108,0.06380176838936813,-0.15458937198067635,-1.5918999999999999,0.33417884099999995,-0.020515045077427185
2015-03-01,-0.057426,-9.744606572104075e-05,0.0585968511663173,-0.10380622837370246,-1.5070000000000001,0.30636686,-0.013314037243951304
2015-04-01,-0.007165,-0.0013194174264594682,0.06096095828846537,0.011342155009451904,-1.5673,0.2568182640000001,-0.1287998666872887
2015-05-01,-0.380948,0.00023636870140730792,0.055725150429672965,0.06285714285714272,-1.6158000000000001,0.2693416579999999,-0.06318926355371057
2015-06-01,-0.223065,0.0019095312164094658,0.05605142590817547,0.08108108108108114,-1.8695999999999995,0.2315086649999999,-0.05875041032575723
2015-07-01,0.418504,0.002336861784099309,0.05391137138362034,0.05607476635514019,-1.6892,0.2847595490000001,0.030966232094436608
2015-08-01,-0.41483000000000003,0.002391981807462251,0.056749590035239494,-0.07347670250896043,-1.7713999999999999,0.26283869299999996,0.018749301480843972
2015-09-01,-0.338098,0.0001221170892338197,0.05907833620374703,-0.10535714285714282,-1.5536999999999999,0.2234658490000001,0.021379707772955836
2015-10-01,-0.276303,0.0014783304552918874,0.054237551330273526,-0.10088495575221246,-1.6412000000000002,0.1716409139999998,-0.008202592651375906
2015-11-01,-0.554863,0.00435896245722267,0.059865987116136,-0.0522243713733076,-1.5753000000000004,0.13241435000000001,0.001451384162353353
2015-12-01,-0.359808,0.00662428254575631,0.05843783436764394,-0.0259481037924153,-1.7366000000000001,0.15158557400000006,0.07074619871654275
2016-01-01,0.20000199999999999,0.013271244642507174,0.06265199571435853,0.18897637795275601,-1.1673000000000002,0.18931577300000013,0.14359449454975648
2016-02-01,-0.478853,0.009492594670883925,0.057448904832882786,0.3285714285714285,-1.0253,0.13471549399999994,0.0023649459680723517
2016-03-01,-0.46758900000000003,0.008614224274909432,0.06157203768306463,0.194672131147541,-1.1307,0.120772836,-0.05172835700645728
2016-04-01,-0.170075,0.011310320296753051,0.06635798585772146,-0.07615894039735105,-1.1863000000000001,0.09551789100000008,-0.09060925708351864
2016-05-01,-0.584959,0.010507481833450072,0.06687392401678127,-0.14439324116743457,-1.1218,0.16929506400000005,0.006141783436702131
2016-06-01,0.11763299999999999,0.01044664344255386,0.068747866201464,-0.046312178387650005,-0.8122999999999998,0.22948561499999998,0.020110904444653466
2016-07-01,0.133985,0.008808962709984769,0.07007911891058072,0.005376344086021501,-0.8609999999999998,0.231107976,0.04504144874110583
2016-08-01,-0.41087299999999993,0.010813853832322362,0.0715311597193562,-0.12208258527827653,-0.9269000000000001,0.21200631799999992,0.0974415317759223
2016-09-01,-0.076997,0.014925938713127307,0.07155997963172855,-0.010791366906474864,-0.9242999999999999,0.26830691399999995,0.07484155363311684
2016-10-01,-0.12608699999999998,0.016443702398425408,0.0727887204078459,-0.035650623885918,-1.0485,0.27418466399999986,-0.007174241856445551
2016-11-01,-0.204477,0.01686021107824698,0.07484886209225317,0.12065439672801626,-1.5425000000000004,0.18246140200000005,-0.06786234942618385
2016-12-01,0.575492,0.020835348187892455,0.06876556788406174,0.09636363636363621,-1.7011,0.18426204499999999,-0.09593474444667793
2017-01-01,-0.133285,0.025004940441402113,0.06407937905097216,0.20887245841035118,-1.6231000000000002,0.243293898,-0.08865594054845749
2017-02-01,-0.221185,0.027338305210364178,0.062235707289103326,0.17153284671532854,-1.4805999999999995,0.23450309700000005,-0.09292021737805967
2017-03-01,0.106475,0.02399196766902789,0.06570038339114626,0.026533996683250516,-1.2549000000000006,0.315743784,-0.05873953897335704
2017-04-01,0.539664,0.021873573758410814,0.06062393807815747,-0.12079510703363927,-1.1000000000000003,0.3528446350000001,-0.07678138494737385
2017-05-01,-0.228665,0.018783616744061593,0.06038696537678212,-0.07320872274143309,-0.8307999999999998,0.42354627600000005,-0.05569489595979882
2017-06-01,0.145361,0.016717534049224048,0.05770294592004466,0.02584814216478204,-0.8962000000000003,0.41128574900000003,-0.00990936419202515
2017-07-01,-0.169737,0.01765563189673114,0.05633660910810079,0.0608695652173914,-0.8384,0.463858541,0.03721286355181608
2017-08-01,-0.08357200000000001,0.019513553503295977,0.054099648733592076,0.03865546218487381,-0.7730999999999997,0.536479648,0.07121966992653239
2017-09-01,0.185563,0.022264997863522762,0.05239478504801842,0.014173228346456845,-0.9302000000000001,0.399133348,0.011179097722562537
2017-10-01,0.7943100000000001,0.020257270647231485,0.05100001525576281,0.040983606557376984,-0.9474,0.41302795700000006,-0.02608969236572234
2017-11-01,0.333034,0.021910597490383266,0.044844814534443556,0.03398058252427183,-0.8244,0.36493020200000004,-0.04053501455815145
2017-12-01,0.154055,0.02112681857874854,0.04786046687601675,0.04658385093167694,-0.8989,0.49137761700000004,-0.04785385623021621
2018-01-01,-0.292426,0.020936910328985148,0.043112394531426235,-0.08346456692913384,-1.1335,0.5391142829999999,0.011305587266122963
2018-02-01,0.738958,0.022167477588631135,0.040543985125875315,0.0046948356807512415,-1.0726999999999998,0.554579235,-0.010459311549917638
2018-03-01,0.313723,0.023585737787642058,0.039640095934692976,-0.08160237388724045,-0.9084000000000003,0.6524201529999999,0.0013098675608567145
2018-04-01,0.526157,0.024195762361145734,0.03709719286535407,0.05154639175257736,-1.0461000000000007,0.6876182889999999,-0.047408823420981294
2018-05-01,-0.510043,0.027397709479344945,0.037431021873545633,-0.007788161993769416,-0.8358999999999994,0.640020501,-0.07157379964670141
2018-06-01,0.40876999999999997,0.02847056703606321,0.04008014555847761,0.02584814216478204,-0.8759999999999999,0.775906586,-0.059429628400495704
2018-07-01,0.264092,0.02948974998977061,0.03881229961040966,-0.0065359477124183885,-0.8705000000000003,0.8304688069999999,-0.010195552095678573
2018-08-01,0.557825,0.026832778223949028,0.038987423176141345,0.012558869701726705,-0.6492999999999998,0.789642736,-0.01654371447851355
2018-09-01,0.11676099999999999,0.022693147416178894,0.03685172642327039,-0.03149606299212604,-0.7895000000000003,0.996828818,-0.02436560436452362
2018-10-01,0.06586,0.025171643273976363,0.03532340474946305,-0.046052631578947345,-0.6734999999999998,1.1220132760000001,0.0023499778940841987
2018-11-01,0.364113,0.021946209952614204,0.03558076856198933,-0.041860465116279166,-0.4751999999999996,1.219264861,0.053363364005214686
2018-12-01,0.047621,0.019451313225844258,0.04144280762564989,-0.1658536585365854,-0.0488000000000004,1.7285,0.048589561704611484
